,DQ_score_unique,DQ_score,Accuracy,Duplication,Uniqueness,Completeness,Validity
0,83.25604444745069,99.90610156625782,99.66517857142857,100.0,16.65581597222222,99.98421717171718,99.97501052188552
